{
  "Naeimi": {
    "precision": 1.0,
    "recall": 1.0,
    "f1-score": 1.0,
    "support": 78.0
  },
  "Najdi": {
    "precision": 1.0,
    "recall": 1.0,
    "f1-score": 1.0,
    "support": 23.0
  },
  "Harri": {
    "precision": 0.9411764705882353,
    "recall": 0.8421052631578947,
    "f1-score": 0.8888888888888888,
    "support": 19.0
  },
  "Sawakni": {
    "precision": 1.0,
    "recall": 1.0,
    "f1-score": 1.0,
    "support": 25.0
  },
  "Roman": {
    "precision": 0.8846153846153846,
    "recall": 1.0,
    "f1-score": 0.9387755102040817,
    "support": 23.0
  },
  "Barbari": {
    "precision": 1.0,
    "recall": 0.9,
    "f1-score": 0.9473684210526315,
    "support": 10.0
  },
  "accuracy": 0.9775280898876404,
  "macro avg": {
    "precision": 0.9709653092006034,
    "recall": 0.9570175438596492,
    "f1-score": 0.9625054700242671,
    "support": 178.0
  },
  "weighted avg": {
    "precision": 0.9788118358838781,
    "recall": 0.9775280898876404,
    "f1-score": 0.9772719653601634,
    "support": 178.0
  }
}