{
  "train_loss": [
    1.6976740121841432,
    1.0486558294296264,
    0.8806100249290466,
    0.7743010592460632,
    0.8265022492408752,
    0.8125349736213684,
    0.7562167942523956,
    0.6287730693817138,
    0.8011825883388519,
    0.7693638002872467,
    0.7660869526863098,
    0.6659652435779572,
    0.7071659553050995,
    0.7972391974925995,
    0.6874780440330506,
    0.6534583473205566,
    0.7221277332305909,
    0.6907595145702362,
    0.6840157449245453,
    0.680832588672638,
    0.6712197124958038,
    0.6288131487369537,
    0.7516512584686279,
    0.7095834183692932,
    0.6834516036510467,
    0.6871851551532745,
    0.7163964629173278,
    0.6931191313266755,
    0.619249838590622,
    0.701616084575653
  ],
  "train_acc": [
    0.34188548564910887,
    0.6992447805404663,
    0.8091837906837464,
    0.863324716091156,
    0.8265444827079773,
    0.8422036933898925,
    0.8678847336769104,
    0.9278234553337097,
    0.8544823527336121,
    0.8602288866043091,
    0.8336986899375916,
    0.9006709122657776,
    0.8776351308822632,
    0.8144330024719239,
    0.876754195690155,
    0.9114522290229797,
    0.8607526755332947,
    0.8846611404418945,
    0.8783473515510559,
    0.8776924300193787,
    0.8841025280952454,
    0.9073851227760314,
    0.8483223628997802,
    0.8667682218551636,
    0.8769831705093384,
    0.8655470418930054,
    0.8531586384773254,
    0.8693598365783691,
    0.9107247066497802,
    0.8607247948646546
  ],
  "val_loss": [
    1.169473687807719,
    0.7091691692670187,
    0.6652867595354716,
    0.6167140156030655,
    0.613085130850474,
    0.5901827216148376,
    0.5823240826527277,
    0.5745416879653931,
    0.5592663685480753,
    0.5486913323402405,
    0.5301923801501592,
    0.5494350592295328,
    0.5434388518333435,
    0.5518005043268204,
    0.5322749962409338,
    0.5372904688119888,
    0.5421757797400156,
    0.5383676687876383,
    0.5556849539279938,
    0.5263780454794565,
    0.5382887373367945,
    0.5386949578921,
    0.5380514661471049,
    0.5282603601614634,
    0.5260668198267618,
    0.5383659998575846,
    0.534919336438179,
    0.5374645094076792,
    0.5318195770184199,
    0.5303808252016703
  ],
  "val_acc": [
    0.6145833333333334,
    0.8642769654591879,
    0.9047181407610575,
    0.9197303950786591,
    0.9243259827295939,
    0.9347426493962606,
    0.9647671580314636,
    0.9243259827295939,
    0.9399509827295939,
    0.9451593160629272,
    0.9647671580314636,
    0.9451593160629272,
    0.9451593160629272,
    0.9503676493962606,
    0.9503676493962606,
    0.9503676493962606,
    0.9601715703805288,
    0.969975491364797,
    0.9405637284119924,
    0.969975491364797,
    0.9405637284119924,
    0.9451593160629272,
    0.9503676493962606,
    0.9451593160629272,
    0.969975491364797,
    0.9503676493962606,
    0.9503676493962606,
    0.9405637284119924,
    0.9601715703805288,
    0.969975491364797
  ]
}