{
  "train_loss": [
    1.4108447339928265,
    0.8277634767074029,
    0.8189122517710751,
    0.8086532606083212,
    0.7667936182137832,
    0.7848654884157829,
    0.838543455866934,
    0.9004371374556162,
    0.8088481365476997,
    0.7975344304899568,
    0.7694288628193938,
    0.7214751260951885,
    0.7531537966242114,
    0.7431304153886814,
    0.7134670942153746,
    0.7256645077061885,
    0.7249177289240568,
    0.7183593494220845,
    0.7306867331555746,
    0.670961910659827,
    0.6990074900168817,
    0.6817260057602114,
    0.6523306893492208,
    0.6488084223085236,
    0.6612659186414145,
    0.6526136181308227,
    0.6246553763602544,
    0.656230308187818,
    0.6376102152958657,
    0.6327028856115434
  ],
  "train_acc": [
    0.5609949729360134,
    0.8497285327865082,
    0.8492586117924996,
    0.8594717828972825,
    0.8720934541480055,
    0.8691993373111614,
    0.8438871057288161,
    0.8249225243202691,
    0.8507635856716378,
    0.8733487282563182,
    0.8716334431495482,
    0.8897299676844217,
    0.8683545045482303,
    0.871479458600572,
    0.8793370816314104,
    0.881773139955928,
    0.8707472253771662,
    0.8719743814283204,
    0.8652765496263226,
    0.8873955757872573,
    0.8816235337442565,
    0.8872837603670879,
    0.8951828080473594,
    0.9008760828416325,
    0.8908631604852029,
    0.8969420374018474,
    0.9043336591674286,
    0.8919691836949691,
    0.9039410908245346,
    0.8998283003140422
  ],
  "val_loss": [
    0.6432361952636553,
    0.5361973746963169,
    0.5477312142434327,
    0.5450049910856329,
    0.5235542784566465,
    0.5632158155026643,
    0.6035051164419755,
    0.6471217792967091,
    0.6800702097623245,
    0.6248088647489962,
    0.6241703616536182,
    0.5901795133300449,
    0.5776722159074701,
    0.6372587369835895,
    0.5717595219612122,
    0.6414523215397544,
    0.5990651185097902,
    0.6024134444153827,
    0.5738148261671481,
    0.5649754923322926,
    0.5694578393645908,
    0.5659214050873466,
    0.5687868893146515,
    0.5629098052563875,
    0.5855377795903579,
    0.5893582001976345,
    0.5719993749390477,
    0.5914578450762707,
    0.5752951645332834,
    0.5691349156524824
  ],
  "val_acc": [
    0.9347826086956522,
    0.9891304347826086,
    0.9782608695652174,
    0.9347826086956522,
    0.9782608695652174,
    0.967391304347826,
    0.9456521739130435,
    0.907608695652174,
    0.9021739130434783,
    0.9130434782608695,
    0.9239130434782609,
    0.9402173913043478,
    0.9293478260869565,
    0.9184782608695652,
    0.9347826086956522,
    0.9239130434782609,
    0.9293478260869565,
    0.907608695652174,
    0.9347826086956522,
    0.9402173913043478,
    0.9347826086956522,
    0.9239130434782609,
    0.9347826086956522,
    0.9293478260869565,
    0.9239130434782609,
    0.9347826086956522,
    0.9347826086956522,
    0.9239130434782609,
    0.9239130434782609,
    0.9347826086956522
  ]
}