{
  "train_loss": [
    3.2998486709594728,
    2.7607697677612304,
    2.3966040086746214,
    2.0998030424118044,
    1.896903109550476,
    1.7574812269210816,
    1.6462562608718871,
    1.3617842650413514,
    1.5068948245048523,
    1.409608793258667,
    1.4535674953460693,
    1.1889741492271424,
    1.2265803384780884,
    1.3652213573455811,
    1.169094135761261,
    1.0287261557579042,
    1.2162493467330933,
    1.1165037155151367,
    1.1056595683097838,
    1.0877547144889832,
    1.076788408756256,
    1.023157892227173,
    1.2121554565429689,
    1.0832787919044495,
    1.1573002123832703,
    1.115258402824402,
    1.129113049507141,
    1.128993513584137,
    0.9717495465278625,
    1.0432969307899476
  ],
  "train_acc": [
    0.19712384700775146,
    0.33721688091754914,
    0.3772217786312103,
    0.4345809316635132,
    0.4801159393787384,
    0.5367566049098969,
    0.582510724067688,
    0.666831613779068,
    0.6507452487945556,
    0.6764739561080932,
    0.6520232307910919,
    0.7527464723587036,
    0.7286583375930786,
    0.6791922354698181,
    0.732081083059311,
    0.8033652377128601,
    0.7359836149215698,
    0.7784393453598022,
    0.7741227924823761,
    0.776766654253006,
    0.774546205997467,
    0.796552152633667,
    0.734452908039093,
    0.7837864851951599,
    0.7666654253005981,
    0.7682671761512756,
    0.7544876527786255,
    0.7559439253807068,
    0.8219097399711609,
    0.7978509902954102
  ],
  "val_loss": [
    2.9425128698349,
    2.513153632481893,
    2.168274700641632,
    1.784521758556366,
    1.6334194739659627,
    1.5936180353164673,
    1.350632866223653,
    1.2811531623204548,
    1.1962956686814625,
    1.167818506558736,
    1.0929785072803497,
    1.0488914946715038,
    1.0091483891010284,
    1.055880218744278,
    0.9479216635227203,
    0.9477378527323405,
    0.9079317251841227,
    0.9202561875184377,
    0.8926116824150085,
    0.891678919394811,
    0.9174250761667887,
    0.856157531340917,
    0.869271437327067,
    0.8730662365754446,
    0.8415328860282898,
    0.8782745103041331,
    0.8761547207832336,
    0.8596794307231903,
    0.858376701672872,
    0.8763944605986277
  ],
  "val_acc": [
    0.17126225493848324,
    0.31709558827181655,
    0.35294117654363316,
    0.44025735308726627,
    0.5275735308726629,
    0.5484068642059962,
    0.6449142197767893,
    0.6734068642059962,
    0.7322303950786591,
    0.7270220617453257,
    0.7224264740943909,
    0.7791053950786591,
    0.8149509827295939,
    0.7380514740943909,
    0.8149509827295939,
    0.7849264740943909,
    0.8109681407610575,
    0.7849264740943909,
    0.7953431407610575,
    0.7907475531101227,
    0.7693014740943909,
    0.8318014740943909,
    0.8109681407610575,
    0.795955886443456,
    0.8155637284119924,
    0.8207720617453257,
    0.7953431407610575,
    0.7895220617453257,
    0.8311887284119924,
    0.8103553950786591
  ]
}